id,difficulty,besteffort,interupted,comment,participant,task,taskresult,task_id,participant_age,participant_experienced,taskresult_totaltime,taskresult_totalcorrect
370,1,True,False,b'',"id: 350, experienced: True, age: 34","id: 1, title: Building geometry and metadata","Task: id: 1, title: Building geometry and metadata, date: 2017-05-03 18:38:23.543983+00:00",1,34,True,57,12
647,1,True,False,b'',"id: 516, experienced: False, age: 45","id: 1, title: Building geometry and metadata","Task: id: 1, title: Building geometry and metadata, date: 2017-05-05 13:18:58.198327+00:00",1,45,False,77,11
814,3,True,False,b'',"id: 596, experienced: True, age: 33","id: 1, title: Building geometry and metadata","Task: id: 1, title: Building geometry and metadata, date: 2017-05-08 22:05:51.272591+00:00",1,33,True,79,9
531,1,True,False,b'',"id: 454, experienced: True, age: 40","id: 1, title: Building geometry and metadata","Task: id: 1, title: Building geometry and metadata, date: 2017-05-05 06:48:22.965911+00:00",1,40,True,93,10
865,1,True,False,"b'I like doing the tasks individually, it seems easier to me.'","id: 621, experienced: True, age: 35","id: 1, title: Building geometry and metadata","Task: id: 1, title: Building geometry and metadata, date: 2017-05-20 16:17:26.883695+00:00",1,35,True,96,11
329,2,True,False,b'',"id: 296, experienced: True, age: 43","id: 1, title: Building geometry and metadata","Task: id: 1, title: Building geometry and metadata, date: 2017-05-03 15:12:45.750397+00:00",1,43,True,99,12
540,3,True,False,b'',"id: 459, experienced: True, age: 51","id: 1, title: Building geometry and metadata","Task: id: 1, title: Building geometry and metadata, date: 2017-05-05 07:37:11.983314+00:00",1,51,True,104,7
605,1,True,False,b'',"id: 476, experienced: True, age: 46","id: 1, title: Building geometry and metadata","Task: id: 1, title: Building geometry and metadata, date: 2017-05-05 10:55:51.423639+00:00",1,46,True,105,8
567,1,True,False,b'',"id: 471, experienced: True, age: 42","id: 1, title: Building geometry and metadata","Task: id: 1, title: Building geometry and metadata, date: 2017-05-05 09:58:51.902544+00:00",1,42,True,107,9
752,4,True,False,b'',"id: 569, experienced: False, age: 47","id: 1, title: Building geometry and metadata","Task: id: 1, title: Building geometry and metadata, date: 2017-05-08 06:04:00.269934+00:00",1,47,False,113,6
523,4,True,False,b'',"id: 452, experienced: True, age: 38","id: 1, title: Building geometry and metadata","Task: id: 1, title: Building geometry and metadata, date: 2017-05-05 06:33:35.491302+00:00",1,38,True,117,10
314,1,True,False,b'',"id: 284, experienced: True, age: 45","id: 1, title: Building geometry and metadata","Task: id: 1, title: Building geometry and metadata, date: 2017-05-03 14:00:08.935767+00:00",1,45,True,124,11
554,1,True,False,b'',"id: 465, experienced: True, age: 44","id: 1, title: Building geometry and metadata","Task: id: 1, title: Building geometry and metadata, date: 2017-05-05 08:09:46.038820+00:00",1,44,True,129,12
788,1,True,False,b'',"id: 589, experienced: True, age: 52","id: 1, title: Building geometry and metadata","Task: id: 1, title: Building geometry and metadata, date: 2017-05-08 10:33:16.535606+00:00",1,52,True,130,11
747,1,True,False,b'',"id: 566, experienced: False, age: 40","id: 1, title: Building geometry and metadata","Task: id: 1, title: Building geometry and metadata, date: 2017-05-08 05:13:09.403054+00:00",1,40,False,132,10
622,1,True,False,b'',"id: 490, experienced: False, age: 50","id: 1, title: Building geometry and metadata","Task: id: 1, title: Building geometry and metadata, date: 2017-05-05 11:07:26.837882+00:00",1,50,False,133,12
425,3,True,False,b'',"id: 402, experienced: True, age: 39","id: 1, title: Building geometry and metadata","Task: id: 1, title: Building geometry and metadata, date: 2017-05-04 05:27:48.933633+00:00",1,39,True,133,11
435,2,True,False,b'',"id: 408, experienced: True, age: 37","id: 1, title: Building geometry and metadata","Task: id: 1, title: Building geometry and metadata, date: 2017-05-04 07:21:05.099894+00:00",1,37,True,134,11
397,1,True,False,b'',"id: 373, experienced: True, age: 36","id: 1, title: Building geometry and metadata","Task: id: 1, title: Building geometry and metadata, date: 2017-05-03 20:14:39.945478+00:00",1,36,True,134,9
330,2,True,False,b'',"id: 295, experienced: False, age: 50","id: 1, title: Building geometry and metadata","Task: id: 1, title: Building geometry and metadata, date: 2017-05-03 15:13:34.562605+00:00",1,50,False,137,9
429,3,True,False,b'',"id: 406, experienced: True, age: 34","id: 1, title: Building geometry and metadata","Task: id: 1, title: Building geometry and metadata, date: 2017-05-04 06:57:21.824464+00:00",1,34,True,147,10
464,3,True,False,b'',"id: 418, experienced: False, age: 32","id: 1, title: Building geometry and metadata","Task: id: 1, title: Building geometry and metadata, date: 2017-05-04 11:26:28.427262+00:00",1,32,False,147,11
799,1,True,False,b'',"id: 591, experienced: False, age: 40","id: 1, title: Building geometry and metadata","Task: id: 1, title: Building geometry and metadata, date: 2017-05-08 13:04:25.733854+00:00",1,40,False,149,11
811,1,True,False,b'',"id: 594, experienced: True, age: 50","id: 1, title: Building geometry and metadata","Task: id: 1, title: Building geometry and metadata, date: 2017-05-08 19:54:19.149492+00:00",1,50,True,158,10
290,1,True,False,b'',"id: 265, experienced: True, age: 49","id: 1, title: Building geometry and metadata","Task: id: 1, title: Building geometry and metadata, date: 2017-05-03 11:39:25.941442+00:00",1,49,True,158,10
535,1,True,False,b'',"id: 453, experienced: True, age: 51","id: 1, title: Building geometry and metadata","Task: id: 1, title: Building geometry and metadata, date: 2017-05-05 07:21:12.513563+00:00",1,51,True,162,11
836,2,True,False,b'',"id: 603, experienced: True, age: 43","id: 1, title: Building geometry and metadata","Task: id: 1, title: Building geometry and metadata, date: 2017-05-10 06:31:11.832693+00:00",1,43,True,164,11
382,2,True,False,b'',"id: 359, experienced: True, age: 44","id: 1, title: Building geometry and metadata","Task: id: 1, title: Building geometry and metadata, date: 2017-05-03 19:09:33.969990+00:00",1,44,True,164,10
422,2,True,False,b'',"id: 399, experienced: False, age: 52","id: 1, title: Building geometry and metadata","Task: id: 1, title: Building geometry and metadata, date: 2017-05-03 22:24:04.188548+00:00",1,52,False,165,10
374,1,True,False,b'',"id: 351, experienced: True, age: 40","id: 1, title: Building geometry and metadata","Task: id: 1, title: Building geometry and metadata, date: 2017-05-03 18:47:58.906560+00:00",1,40,True,168,11
634,3,True,False,b'',"id: 508, experienced: False, age: 58","id: 1, title: Building geometry and metadata","Task: id: 1, title: Building geometry and metadata, date: 2017-05-05 12:29:02.971003+00:00",1,58,False,169,11
838,1,True,False,b'',"id: 604, experienced: False, age: 44","id: 1, title: Building geometry and metadata","Task: id: 1, title: Building geometry and metadata, date: 2017-05-10 07:47:27.249186+00:00",1,44,False,170,12
255,1,True,False,b'',"id: 245, experienced: True, age: 42","id: 1, title: Building geometry and metadata","Task: id: 1, title: Building geometry and metadata, date: 2017-05-03 09:16:54.589291+00:00",1,42,True,172,10
613,1,True,False,b'',"id: 493, experienced: False, age: 53","id: 1, title: Building geometry and metadata","Task: id: 1, title: Building geometry and metadata, date: 2017-05-05 11:00:43.929286+00:00",1,53,False,179,10
528,1,True,False,b'',"id: 451, experienced: True, age: 43","id: 1, title: Building geometry and metadata","Task: id: 1, title: Building geometry and metadata, date: 2017-05-05 06:42:17.976154+00:00",1,43,True,185,11
680,1,True,False,b'',"id: 537, experienced: True, age: 33","id: 1, title: Building geometry and metadata","Task: id: 1, title: Building geometry and metadata, date: 2017-05-05 19:56:04.497199+00:00",1,33,True,186,11
550,1,True,False,b'',"id: 460, experienced: True, age: 36","id: 1, title: Building geometry and metadata","Task: id: 1, title: Building geometry and metadata, date: 2017-05-05 07:48:57.731096+00:00",1,36,True,188,11
824,3,True,False,b'',"id: 598, experienced: True, age: 44","id: 1, title: Building geometry and metadata","Task: id: 1, title: Building geometry and metadata, date: 2017-05-09 08:24:53.189354+00:00",1,44,True,189,10
504,2,True,False,b'',"id: 443, experienced: True, age: 56","id: 1, title: Building geometry and metadata","Task: id: 1, title: Building geometry and metadata, date: 2017-05-04 16:14:15.061652+00:00",1,56,True,190,9
362,2,True,False,b'',"id: 340, experienced: True, age: 40","id: 1, title: Building geometry and metadata","Task: id: 1, title: Building geometry and metadata, date: 2017-05-03 17:54:42.234377+00:00",1,40,True,194,12
317,2,True,False,b'',"id: 283, experienced: True, age: 54","id: 1, title: Building geometry and metadata","Task: id: 1, title: Building geometry and metadata, date: 2017-05-03 14:05:25.302247+00:00",1,54,True,195,10
361,1,True,False,b'',"id: 341, experienced: True, age: 47","id: 1, title: Building geometry and metadata","Task: id: 1, title: Building geometry and metadata, date: 2017-05-03 17:52:24.943530+00:00",1,47,True,205,8
440,2,True,False,b'',"id: 409, experienced: False, age: 34","id: 1, title: Building geometry and metadata","Task: id: 1, title: Building geometry and metadata, date: 2017-05-04 07:45:48.595265+00:00",1,34,False,207,11
671,3,True,False,b'',"id: 534, experienced: True, age: 36","id: 1, title: Building geometry and metadata","Task: id: 1, title: Building geometry and metadata, date: 2017-05-05 18:02:08.657868+00:00",1,36,True,212,9
845,4,True,False,b'',"id: 611, experienced: True, age: 44","id: 1, title: Building geometry and metadata","Task: id: 1, title: Building geometry and metadata, date: 2017-05-10 13:16:13.151230+00:00",1,44,True,232,12
401,2,True,False,b'',"id: 380, experienced: True, age: 38","id: 1, title: Building geometry and metadata","Task: id: 1, title: Building geometry and metadata, date: 2017-05-03 20:32:01.159165+00:00",1,38,True,232,9
342,2,False,False,b'',"id: 306, experienced: True, age: 46","id: 1, title: Building geometry and metadata","Task: id: 1, title: Building geometry and metadata, date: 2017-05-03 16:15:45.786793+00:00",1,46,True,236,12
586,1,True,False,b'',"id: 472, experienced: True, age: 34","id: 1, title: Building geometry and metadata","Task: id: 1, title: Building geometry and metadata, date: 2017-05-05 10:33:40.973103+00:00",1,34,True,246,9
546,2,True,False,b'',"id: 462, experienced: True, age: 39","id: 1, title: Building geometry and metadata","Task: id: 1, title: Building geometry and metadata, date: 2017-05-05 07:44:49.156969+00:00",1,39,True,268,10
563,2,True,False,b'',"id: 466, experienced: True, age: 52","id: 1, title: Building geometry and metadata","Task: id: 1, title: Building geometry and metadata, date: 2017-05-05 08:42:18.208324+00:00",1,52,True,282,11
477,1,True,False,b'',"id: 428, experienced: True, age: 36","id: 1, title: Building geometry and metadata","Task: id: 1, title: Building geometry and metadata, date: 2017-05-04 12:02:49.473509+00:00",1,36,True,294,8
609,2,True,False,b'',"id: 478, experienced: True, age: 54","id: 1, title: Building geometry and metadata","Task: id: 1, title: Building geometry and metadata, date: 2017-05-05 10:57:17.179594+00:00",1,54,True,295,11
755,1,True,False,b'',"id: 570, experienced: True, age: 35","id: 1, title: Building geometry and metadata","Task: id: 1, title: Building geometry and metadata, date: 2017-05-08 06:14:18.425255+00:00",1,35,True,468,8
444,1,True,False,b'',"id: 413, experienced: False, age: 52","id: 1, title: Building geometry and metadata","Task: id: 1, title: Building geometry and metadata, date: 2017-05-04 09:04:07.439341+00:00",1,52,False,487,9
417,3,True,False,"b'Funny, I am the one who drew most of these buildings in OSM...'","id: 391, experienced: True, age: 44","id: 1, title: Building geometry and metadata","Task: id: 1, title: Building geometry and metadata, date: 2017-05-03 21:46:47.186550+00:00",1,44,True,537,12
720,2,True,False,b'',"id: 556, experienced: True, age: 54","id: 1, title: Building geometry and metadata","Task: id: 1, title: Building geometry and metadata, date: 2017-05-07 07:46:39.905579+00:00",1,54,True,657,7
